run,seed,suite,task_id,episode,video_path,video_exists,source
smolvla_libero_4suites,unknown,libero_spatial,0,1,/home/evoild/program/vla-portfolio/eval_results/smolvla_libero_4suites/videos/libero_spatial_0/eval_episode_1.mp4,True,/home/evoild/program/smolVLA_mujoco_LIBERO/eval_results/smolvla_libero_4suites/eval_info.json
smolvla_libero_4suites,unknown,libero_spatial,0,3,/home/evoild/program/vla-portfolio/eval_results/smolvla_libero_4suites/videos/libero_spatial_0/eval_episode_3.mp4,True,/home/evoild/program/smolVLA_mujoco_LIBERO/eval_results/smolvla_libero_4suites/eval_info.json
smolvla_libero_4suites,unknown,libero_spatial,1,6,/home/evoild/program/vla-portfolio/eval_results/smolvla_libero_4suites/videos/libero_spatial_1/eval_episode_6.mp4,True,/home/evoild/program/smolVLA_mujoco_LIBERO/eval_results/smolvla_libero_4suites/eval_info.json
smolvla_libero_4suites,unknown,libero_spatial,1,7,/home/evoild/program/vla-portfolio/eval_results/smolvla_libero_4suites/videos/libero_spatial_1/eval_episode_7.mp4,True,/home/evoild/program/smolVLA_mujoco_LIBERO/eval_results/smolvla_libero_4suites/eval_info.json
smolvla_libero_4suites,unknown,libero_spatial,2,4,/home/evoild/program/vla-portfolio/eval_results/smolvla_libero_4suites/videos/libero_spatial_2/eval_episode_4.mp4,True,/home/evoild/program/smolVLA_mujoco_LIBERO/eval_results/smolvla_libero_4suites/eval_info.json
smolvla_libero_4suites,unknown,libero_spatial,2,6,/home/evoild/program/vla-portfolio/eval_results/smolvla_libero_4suites/videos/libero_spatial_2/eval_episode_6.mp4,True,/home/evoild/program/smolVLA_mujoco_LIBERO/eval_results/smolvla_libero_4suites/eval_info.json
smolvla_libero_4suites,unknown,libero_spatial,3,1,/home/evoild/program/vla-portfolio/eval_results/smolvla_libero_4suites/videos/libero_spatial_3/eval_episode_1.mp4,True,/home/evoild/program/smolVLA_mujoco_LIBERO/eval_results/smolvla_libero_4suites/eval_info.json
smolvla_libero_4suites,unknown,libero_spatial,3,5,/home/evoild/program/vla-portfolio/eval_results/smolvla_libero_4suites/videos/libero_spatial_3/eval_episode_5.mp4,True,/home/evoild/program/smolVLA_mujoco_LIBERO/eval_results/smolvla_libero_4suites/eval_info.json
smolvla_libero_4suites,unknown,libero_spatial,3,8,/home/evoild/program/vla-portfolio/eval_results/smolvla_libero_4suites/videos/libero_spatial_3/eval_episode_8.mp4,True,/home/evoild/program/smolVLA_mujoco_LIBERO/eval_results/smolvla_libero_4suites/eval_info.json
smolvla_libero_4suites,unknown,libero_spatial,4,5,/home/evoild/program/vla-portfolio/eval_results/smolvla_libero_4suites/videos/libero_spatial_4/eval_episode_5.mp4,True,/home/evoild/program/smolVLA_mujoco_LIBERO/eval_results/smolvla_libero_4suites/eval_info.json
smolvla_libero_4suites,unknown,libero_spatial,5,1,/home/evoild/program/vla-portfolio/eval_results/smolvla_libero_4suites/videos/libero_spatial_5/eval_episode_1.mp4,True,/home/evoild/program/smolVLA_mujoco_LIBERO/eval_results/smolvla_libero_4suites/eval_info.json
smolvla_libero_4suites,unknown,libero_spatial,5,2,/home/evoild/program/vla-portfolio/eval_results/smolvla_libero_4suites/videos/libero_spatial_5/eval_episode_2.mp4,True,/home/evoild/program/smolVLA_mujoco_LIBERO/eval_results/smolvla_libero_4suites/eval_info.json
smolvla_libero_4suites,unknown,libero_spatial,5,3,/home/evoild/program/vla-portfolio/eval_results/smolvla_libero_4suites/videos/libero_spatial_5/eval_episode_3.mp4,True,/home/evoild/program/smolVLA_mujoco_LIBERO/eval_results/smolvla_libero_4suites/eval_info.json
smolvla_libero_4suites,unknown,libero_spatial,5,7,/home/evoild/program/vla-portfolio/eval_results/smolvla_libero_4suites/videos/libero_spatial_5/eval_episode_7.mp4,True,/home/evoild/program/smolVLA_mujoco_LIBERO/eval_results/smolvla_libero_4suites/eval_info.json
smolvla_libero_4suites,unknown,libero_spatial,6,1,/home/evoild/program/vla-portfolio/eval_results/smolvla_libero_4suites/videos/libero_spatial_6/eval_episode_1.mp4,True,/home/evoild/program/smolVLA_mujoco_LIBERO/eval_results/smolvla_libero_4suites/eval_info.json
smolvla_libero_4suites,unknown,libero_spatial,6,2,/home/evoild/program/vla-portfolio/eval_results/smolvla_libero_4suites/videos/libero_spatial_6/eval_episode_2.mp4,True,/home/evoild/program/smolVLA_mujoco_LIBERO/eval_results/smolvla_libero_4suites/eval_info.json
smolvla_libero_4suites,unknown,libero_spatial,6,9,/home/evoild/program/vla-portfolio/eval_results/smolvla_libero_4suites/videos/libero_spatial_6/eval_episode_9.mp4,True,/home/evoild/program/smolVLA_mujoco_LIBERO/eval_results/smolvla_libero_4suites/eval_info.json
smolvla_libero_4suites,unknown,libero_spatial,7,1,/home/evoild/program/vla-portfolio/eval_results/smolvla_libero_4suites/videos/libero_spatial_7/eval_episode_1.mp4,True,/home/evoild/program/smolVLA_mujoco_LIBERO/eval_results/smolvla_libero_4suites/eval_info.json
smolvla_libero_4suites,unknown,libero_spatial,7,4,/home/evoild/program/vla-portfolio/eval_results/smolvla_libero_4suites/videos/libero_spatial_7/eval_episode_4.mp4,True,/home/evoild/program/smolVLA_mujoco_LIBERO/eval_results/smolvla_libero_4suites/eval_info.json
smolvla_libero_4suites,unknown,libero_spatial,7,6,/home/evoild/program/vla-portfolio/eval_results/smolvla_libero_4suites/videos/libero_spatial_7/eval_episode_6.mp4,True,/home/evoild/program/smolVLA_mujoco_LIBERO/eval_results/smolvla_libero_4suites/eval_info.json
smolvla_libero_4suites,unknown,libero_spatial,7,8,/home/evoild/program/vla-portfolio/eval_results/smolvla_libero_4suites/videos/libero_spatial_7/eval_episode_8.mp4,True,/home/evoild/program/smolVLA_mujoco_LIBERO/eval_results/smolvla_libero_4suites/eval_info.json
smolvla_libero_4suites,unknown,libero_spatial,8,2,/home/evoild/program/vla-portfolio/eval_results/smolvla_libero_4suites/videos/libero_spatial_8/eval_episode_2.mp4,True,/home/evoild/program/smolVLA_mujoco_LIBERO/eval_results/smolvla_libero_4suites/eval_info.json
smolvla_libero_4suites,unknown,libero_spatial,9,3,/home/evoild/program/vla-portfolio/eval_results/smolvla_libero_4suites/videos/libero_spatial_9/eval_episode_3.mp4,True,/home/evoild/program/smolVLA_mujoco_LIBERO/eval_results/smolvla_libero_4suites/eval_info.json
smolvla_libero_4suites,unknown,libero_object,0,0,/home/evoild/program/vla-portfolio/eval_results/smolvla_libero_4suites/videos/libero_object_0/eval_episode_0.mp4,True,/home/evoild/program/smolVLA_mujoco_LIBERO/eval_results/smolvla_libero_4suites/eval_info.json
smolvla_libero_4suites,unknown,libero_object,0,1,/home/evoild/program/vla-portfolio/eval_results/smolvla_libero_4suites/videos/libero_object_0/eval_episode_1.mp4,True,/home/evoild/program/smolVLA_mujoco_LIBERO/eval_results/smolvla_libero_4suites/eval_info.json
smolvla_libero_4suites,unknown,libero_object,0,3,/home/evoild/program/vla-portfolio/eval_results/smolvla_libero_4suites/videos/libero_object_0/eval_episode_3.mp4,True,/home/evoild/program/smolVLA_mujoco_LIBERO/eval_results/smolvla_libero_4suites/eval_info.json
smolvla_libero_4suites,unknown,libero_object,0,4,/home/evoild/program/vla-portfolio/eval_results/smolvla_libero_4suites/videos/libero_object_0/eval_episode_4.mp4,True,/home/evoild/program/smolVLA_mujoco_LIBERO/eval_results/smolvla_libero_4suites/eval_info.json
smolvla_libero_4suites,unknown,libero_object,0,6,/home/evoild/program/vla-portfolio/eval_results/smolvla_libero_4suites/videos/libero_object_0/eval_episode_6.mp4,True,/home/evoild/program/smolVLA_mujoco_LIBERO/eval_results/smolvla_libero_4suites/eval_info.json
smolvla_libero_4suites,unknown,libero_object,1,1,/home/evoild/program/vla-portfolio/eval_results/smolvla_libero_4suites/videos/libero_object_1/eval_episode_1.mp4,True,/home/evoild/program/smolVLA_mujoco_LIBERO/eval_results/smolvla_libero_4suites/eval_info.json
smolvla_libero_4suites,unknown,libero_object,3,7,/home/evoild/program/vla-portfolio/eval_results/smolvla_libero_4suites/videos/libero_object_3/eval_episode_7.mp4,True,/home/evoild/program/smolVLA_mujoco_LIBERO/eval_results/smolvla_libero_4suites/eval_info.json
smolvla_libero_4suites,unknown,libero_object,4,1,/home/evoild/program/vla-portfolio/eval_results/smolvla_libero_4suites/videos/libero_object_4/eval_episode_1.mp4,True,/home/evoild/program/smolVLA_mujoco_LIBERO/eval_results/smolvla_libero_4suites/eval_info.json
smolvla_libero_4suites,unknown,libero_object,4,2,/home/evoild/program/vla-portfolio/eval_results/smolvla_libero_4suites/videos/libero_object_4/eval_episode_2.mp4,True,/home/evoild/program/smolVLA_mujoco_LIBERO/eval_results/smolvla_libero_4suites/eval_info.json
smolvla_libero_4suites,unknown,libero_object,4,8,/home/evoild/program/vla-portfolio/eval_results/smolvla_libero_4suites/videos/libero_object_4/eval_episode_8.mp4,True,/home/evoild/program/smolVLA_mujoco_LIBERO/eval_results/smolvla_libero_4suites/eval_info.json
smolvla_libero_4suites,unknown,libero_object,4,9,/home/evoild/program/vla-portfolio/eval_results/smolvla_libero_4suites/videos/libero_object_4/eval_episode_9.mp4,True,/home/evoild/program/smolVLA_mujoco_LIBERO/eval_results/smolvla_libero_4suites/eval_info.json
smolvla_libero_4suites,unknown,libero_object,6,7,/home/evoild/program/vla-portfolio/eval_results/smolvla_libero_4suites/videos/libero_object_6/eval_episode_7.mp4,True,/home/evoild/program/smolVLA_mujoco_LIBERO/eval_results/smolvla_libero_4suites/eval_info.json
smolvla_libero_4suites,unknown,libero_object,7,1,/home/evoild/program/vla-portfolio/eval_results/smolvla_libero_4suites/videos/libero_object_7/eval_episode_1.mp4,True,/home/evoild/program/smolVLA_mujoco_LIBERO/eval_results/smolvla_libero_4suites/eval_info.json
smolvla_libero_4suites,unknown,libero_object,7,5,/home/evoild/program/vla-portfolio/eval_results/smolvla_libero_4suites/videos/libero_object_7/eval_episode_5.mp4,True,/home/evoild/program/smolVLA_mujoco_LIBERO/eval_results/smolvla_libero_4suites/eval_info.json
smolvla_libero_4suites,unknown,libero_object,7,6,/home/evoild/program/vla-portfolio/eval_results/smolvla_libero_4suites/videos/libero_object_7/eval_episode_6.mp4,True,/home/evoild/program/smolVLA_mujoco_LIBERO/eval_results/smolvla_libero_4suites/eval_info.json
smolvla_libero_4suites,unknown,libero_object,7,8,/home/evoild/program/vla-portfolio/eval_results/smolvla_libero_4suites/videos/libero_object_7/eval_episode_8.mp4,True,/home/evoild/program/smolVLA_mujoco_LIBERO/eval_results/smolvla_libero_4suites/eval_info.json
smolvla_libero_4suites,unknown,libero_object,7,9,/home/evoild/program/vla-portfolio/eval_results/smolvla_libero_4suites/videos/libero_object_7/eval_episode_9.mp4,True,/home/evoild/program/smolVLA_mujoco_LIBERO/eval_results/smolvla_libero_4suites/eval_info.json
smolvla_libero_4suites,unknown,libero_object,8,4,/home/evoild/program/vla-portfolio/eval_results/smolvla_libero_4suites/videos/libero_object_8/eval_episode_4.mp4,True,/home/evoild/program/smolVLA_mujoco_LIBERO/eval_results/smolvla_libero_4suites/eval_info.json
smolvla_libero_4suites,unknown,libero_object,8,5,/home/evoild/program/vla-portfolio/eval_results/smolvla_libero_4suites/videos/libero_object_8/eval_episode_5.mp4,True,/home/evoild/program/smolVLA_mujoco_LIBERO/eval_results/smolvla_libero_4suites/eval_info.json
smolvla_libero_4suites,unknown,libero_object,8,6,/home/evoild/program/vla-portfolio/eval_results/smolvla_libero_4suites/videos/libero_object_8/eval_episode_6.mp4,True,/home/evoild/program/smolVLA_mujoco_LIBERO/eval_results/smolvla_libero_4suites/eval_info.json
smolvla_libero_4suites,unknown,libero_object,9,2,/home/evoild/program/vla-portfolio/eval_results/smolvla_libero_4suites/videos/libero_object_9/eval_episode_2.mp4,True,/home/evoild/program/smolVLA_mujoco_LIBERO/eval_results/smolvla_libero_4suites/eval_info.json
smolvla_libero_4suites,unknown,libero_object,9,7,/home/evoild/program/vla-portfolio/eval_results/smolvla_libero_4suites/videos/libero_object_9/eval_episode_7.mp4,True,/home/evoild/program/smolVLA_mujoco_LIBERO/eval_results/smolvla_libero_4suites/eval_info.json
smolvla_libero_4suites,unknown,libero_object,9,8,/home/evoild/program/vla-portfolio/eval_results/smolvla_libero_4suites/videos/libero_object_9/eval_episode_8.mp4,True,/home/evoild/program/smolVLA_mujoco_LIBERO/eval_results/smolvla_libero_4suites/eval_info.json
smolvla_libero_4suites,unknown,libero_goal,0,2,/home/evoild/program/vla-portfolio/eval_results/smolvla_libero_4suites/videos/libero_goal_0/eval_episode_2.mp4,True,/home/evoild/program/smolVLA_mujoco_LIBERO/eval_results/smolvla_libero_4suites/eval_info.json
smolvla_libero_4suites,unknown,libero_goal,0,3,/home/evoild/program/vla-portfolio/eval_results/smolvla_libero_4suites/videos/libero_goal_0/eval_episode_3.mp4,True,/home/evoild/program/smolVLA_mujoco_LIBERO/eval_results/smolvla_libero_4suites/eval_info.json
smolvla_libero_4suites,unknown,libero_goal,0,4,/home/evoild/program/vla-portfolio/eval_results/smolvla_libero_4suites/videos/libero_goal_0/eval_episode_4.mp4,True,/home/evoild/program/smolVLA_mujoco_LIBERO/eval_results/smolvla_libero_4suites/eval_info.json
smolvla_libero_4suites,unknown,libero_goal,0,9,/home/evoild/program/vla-portfolio/eval_results/smolvla_libero_4suites/videos/libero_goal_0/eval_episode_9.mp4,True,/home/evoild/program/smolVLA_mujoco_LIBERO/eval_results/smolvla_libero_4suites/eval_info.json
smolvla_libero_4suites,unknown,libero_goal,1,8,/home/evoild/program/vla-portfolio/eval_results/smolvla_libero_4suites/videos/libero_goal_1/eval_episode_8.mp4,True,/home/evoild/program/smolVLA_mujoco_LIBERO/eval_results/smolvla_libero_4suites/eval_info.json
smolvla_libero_4suites,unknown,libero_goal,2,3,/home/evoild/program/vla-portfolio/eval_results/smolvla_libero_4suites/videos/libero_goal_2/eval_episode_3.mp4,True,/home/evoild/program/smolVLA_mujoco_LIBERO/eval_results/smolvla_libero_4suites/eval_info.json
smolvla_libero_4suites,unknown,libero_goal,2,4,/home/evoild/program/vla-portfolio/eval_results/smolvla_libero_4suites/videos/libero_goal_2/eval_episode_4.mp4,True,/home/evoild/program/smolVLA_mujoco_LIBERO/eval_results/smolvla_libero_4suites/eval_info.json
smolvla_libero_4suites,unknown,libero_goal,2,6,/home/evoild/program/vla-portfolio/eval_results/smolvla_libero_4suites/videos/libero_goal_2/eval_episode_6.mp4,True,/home/evoild/program/smolVLA_mujoco_LIBERO/eval_results/smolvla_libero_4suites/eval_info.json
smolvla_libero_4suites,unknown,libero_goal,3,0,/home/evoild/program/vla-portfolio/eval_results/smolvla_libero_4suites/videos/libero_goal_3/eval_episode_0.mp4,True,/home/evoild/program/smolVLA_mujoco_LIBERO/eval_results/smolvla_libero_4suites/eval_info.json
smolvla_libero_4suites,unknown,libero_goal,3,2,/home/evoild/program/vla-portfolio/eval_results/smolvla_libero_4suites/videos/libero_goal_3/eval_episode_2.mp4,True,/home/evoild/program/smolVLA_mujoco_LIBERO/eval_results/smolvla_libero_4suites/eval_info.json
smolvla_libero_4suites,unknown,libero_goal,3,4,/home/evoild/program/vla-portfolio/eval_results/smolvla_libero_4suites/videos/libero_goal_3/eval_episode_4.mp4,True,/home/evoild/program/smolVLA_mujoco_LIBERO/eval_results/smolvla_libero_4suites/eval_info.json
smolvla_libero_4suites,unknown,libero_goal,3,5,/home/evoild/program/vla-portfolio/eval_results/smolvla_libero_4suites/videos/libero_goal_3/eval_episode_5.mp4,True,/home/evoild/program/smolVLA_mujoco_LIBERO/eval_results/smolvla_libero_4suites/eval_info.json
smolvla_libero_4suites,unknown,libero_goal,3,6,/home/evoild/program/vla-portfolio/eval_results/smolvla_libero_4suites/videos/libero_goal_3/eval_episode_6.mp4,True,/home/evoild/program/smolVLA_mujoco_LIBERO/eval_results/smolvla_libero_4suites/eval_info.json
smolvla_libero_4suites,unknown,libero_goal,3,7,/home/evoild/program/vla-portfolio/eval_results/smolvla_libero_4suites/videos/libero_goal_3/eval_episode_7.mp4,True,/home/evoild/program/smolVLA_mujoco_LIBERO/eval_results/smolvla_libero_4suites/eval_info.json
smolvla_libero_4suites,unknown,libero_goal,3,8,/home/evoild/program/vla-portfolio/eval_results/smolvla_libero_4suites/videos/libero_goal_3/eval_episode_8.mp4,True,/home/evoild/program/smolVLA_mujoco_LIBERO/eval_results/smolvla_libero_4suites/eval_info.json
smolvla_libero_4suites,unknown,libero_goal,3,9,/home/evoild/program/vla-portfolio/eval_results/smolvla_libero_4suites/videos/libero_goal_3/eval_episode_9.mp4,True,/home/evoild/program/smolVLA_mujoco_LIBERO/eval_results/smolvla_libero_4suites/eval_info.json
smolvla_libero_4suites,unknown,libero_goal,4,0,/home/evoild/program/vla-portfolio/eval_results/smolvla_libero_4suites/videos/libero_goal_4/eval_episode_0.mp4,True,/home/evoild/program/smolVLA_mujoco_LIBERO/eval_results/smolvla_libero_4suites/eval_info.json
smolvla_libero_4suites,unknown,libero_goal,4,6,/home/evoild/program/vla-portfolio/eval_results/smolvla_libero_4suites/videos/libero_goal_4/eval_episode_6.mp4,True,/home/evoild/program/smolVLA_mujoco_LIBERO/eval_results/smolvla_libero_4suites/eval_info.json
smolvla_libero_4suites,unknown,libero_goal,5,1,/home/evoild/program/vla-portfolio/eval_results/smolvla_libero_4suites/videos/libero_goal_5/eval_episode_1.mp4,True,/home/evoild/program/smolVLA_mujoco_LIBERO/eval_results/smolvla_libero_4suites/eval_info.json
smolvla_libero_4suites,unknown,libero_goal,5,2,/home/evoild/program/vla-portfolio/eval_results/smolvla_libero_4suites/videos/libero_goal_5/eval_episode_2.mp4,True,/home/evoild/program/smolVLA_mujoco_LIBERO/eval_results/smolvla_libero_4suites/eval_info.json
smolvla_libero_4suites,unknown,libero_goal,5,5,/home/evoild/program/vla-portfolio/eval_results/smolvla_libero_4suites/videos/libero_goal_5/eval_episode_5.mp4,True,/home/evoild/program/smolVLA_mujoco_LIBERO/eval_results/smolvla_libero_4suites/eval_info.json
smolvla_libero_4suites,unknown,libero_goal,5,8,/home/evoild/program/vla-portfolio/eval_results/smolvla_libero_4suites/videos/libero_goal_5/eval_episode_8.mp4,True,/home/evoild/program/smolVLA_mujoco_LIBERO/eval_results/smolvla_libero_4suites/eval_info.json
smolvla_libero_4suites,unknown,libero_goal,5,9,/home/evoild/program/vla-portfolio/eval_results/smolvla_libero_4suites/videos/libero_goal_5/eval_episode_9.mp4,True,/home/evoild/program/smolVLA_mujoco_LIBERO/eval_results/smolvla_libero_4suites/eval_info.json
smolvla_libero_4suites,unknown,libero_goal,6,0,/home/evoild/program/vla-portfolio/eval_results/smolvla_libero_4suites/videos/libero_goal_6/eval_episode_0.mp4,True,/home/evoild/program/smolVLA_mujoco_LIBERO/eval_results/smolvla_libero_4suites/eval_info.json
smolvla_libero_4suites,unknown,libero_goal,6,5,/home/evoild/program/vla-portfolio/eval_results/smolvla_libero_4suites/videos/libero_goal_6/eval_episode_5.mp4,True,/home/evoild/program/smolVLA_mujoco_LIBERO/eval_results/smolvla_libero_4suites/eval_info.json
smolvla_libero_4suites,unknown,libero_goal,6,6,/home/evoild/program/vla-portfolio/eval_results/smolvla_libero_4suites/videos/libero_goal_6/eval_episode_6.mp4,True,/home/evoild/program/smolVLA_mujoco_LIBERO/eval_results/smolvla_libero_4suites/eval_info.json
smolvla_libero_4suites,unknown,libero_goal,8,7,/home/evoild/program/vla-portfolio/eval_results/smolvla_libero_4suites/videos/libero_goal_8/eval_episode_7.mp4,True,/home/evoild/program/smolVLA_mujoco_LIBERO/eval_results/smolvla_libero_4suites/eval_info.json
smolvla_libero_4suites,unknown,libero_goal,8,9,/home/evoild/program/vla-portfolio/eval_results/smolvla_libero_4suites/videos/libero_goal_8/eval_episode_9.mp4,True,/home/evoild/program/smolVLA_mujoco_LIBERO/eval_results/smolvla_libero_4suites/eval_info.json
smolvla_libero_4suites,unknown,libero_goal,9,1,/home/evoild/program/vla-portfolio/eval_results/smolvla_libero_4suites/videos/libero_goal_9/eval_episode_1.mp4,True,/home/evoild/program/smolVLA_mujoco_LIBERO/eval_results/smolvla_libero_4suites/eval_info.json
smolvla_libero_4suites,unknown,libero_goal,9,2,/home/evoild/program/vla-portfolio/eval_results/smolvla_libero_4suites/videos/libero_goal_9/eval_episode_2.mp4,True,/home/evoild/program/smolVLA_mujoco_LIBERO/eval_results/smolvla_libero_4suites/eval_info.json
smolvla_libero_4suites,unknown,libero_goal,9,4,/home/evoild/program/vla-portfolio/eval_results/smolvla_libero_4suites/videos/libero_goal_9/eval_episode_4.mp4,True,/home/evoild/program/smolVLA_mujoco_LIBERO/eval_results/smolvla_libero_4suites/eval_info.json
smolvla_libero_4suites,unknown,libero_goal,9,5,/home/evoild/program/vla-portfolio/eval_results/smolvla_libero_4suites/videos/libero_goal_9/eval_episode_5.mp4,True,/home/evoild/program/smolVLA_mujoco_LIBERO/eval_results/smolvla_libero_4suites/eval_info.json
smolvla_libero_4suites,unknown,libero_goal,9,8,/home/evoild/program/vla-portfolio/eval_results/smolvla_libero_4suites/videos/libero_goal_9/eval_episode_8.mp4,True,/home/evoild/program/smolVLA_mujoco_LIBERO/eval_results/smolvla_libero_4suites/eval_info.json
smolvla_libero_4suites,unknown,libero_goal,9,9,/home/evoild/program/vla-portfolio/eval_results/smolvla_libero_4suites/videos/libero_goal_9/eval_episode_9.mp4,True,/home/evoild/program/smolVLA_mujoco_LIBERO/eval_results/smolvla_libero_4suites/eval_info.json
smolvla_libero_4suites,unknown,libero_10,0,0,/home/evoild/program/vla-portfolio/eval_results/smolvla_libero_4suites/videos/libero_10_0/eval_episode_0.mp4,True,/home/evoild/program/smolVLA_mujoco_LIBERO/eval_results/smolvla_libero_4suites/eval_info.json
smolvla_libero_4suites,unknown,libero_10,0,1,/home/evoild/program/vla-portfolio/eval_results/smolvla_libero_4suites/videos/libero_10_0/eval_episode_1.mp4,True,/home/evoild/program/smolVLA_mujoco_LIBERO/eval_results/smolvla_libero_4suites/eval_info.json
smolvla_libero_4suites,unknown,libero_10,0,2,/home/evoild/program/vla-portfolio/eval_results/smolvla_libero_4suites/videos/libero_10_0/eval_episode_2.mp4,True,/home/evoild/program/smolVLA_mujoco_LIBERO/eval_results/smolvla_libero_4suites/eval_info.json
smolvla_libero_4suites,unknown,libero_10,0,3,/home/evoild/program/vla-portfolio/eval_results/smolvla_libero_4suites/videos/libero_10_0/eval_episode_3.mp4,True,/home/evoild/program/smolVLA_mujoco_LIBERO/eval_results/smolvla_libero_4suites/eval_info.json
smolvla_libero_4suites,unknown,libero_10,0,4,/home/evoild/program/vla-portfolio/eval_results/smolvla_libero_4suites/videos/libero_10_0/eval_episode_4.mp4,True,/home/evoild/program/smolVLA_mujoco_LIBERO/eval_results/smolvla_libero_4suites/eval_info.json
smolvla_libero_4suites,unknown,libero_10,0,5,/home/evoild/program/vla-portfolio/eval_results/smolvla_libero_4suites/videos/libero_10_0/eval_episode_5.mp4,True,/home/evoild/program/smolVLA_mujoco_LIBERO/eval_results/smolvla_libero_4suites/eval_info.json
smolvla_libero_4suites,unknown,libero_10,0,6,/home/evoild/program/vla-portfolio/eval_results/smolvla_libero_4suites/videos/libero_10_0/eval_episode_6.mp4,True,/home/evoild/program/smolVLA_mujoco_LIBERO/eval_results/smolvla_libero_4suites/eval_info.json
smolvla_libero_4suites,unknown,libero_10,0,7,/home/evoild/program/vla-portfolio/eval_results/smolvla_libero_4suites/videos/libero_10_0/eval_episode_7.mp4,True,/home/evoild/program/smolVLA_mujoco_LIBERO/eval_results/smolvla_libero_4suites/eval_info.json
smolvla_libero_4suites,unknown,libero_10,0,8,/home/evoild/program/vla-portfolio/eval_results/smolvla_libero_4suites/videos/libero_10_0/eval_episode_8.mp4,True,/home/evoild/program/smolVLA_mujoco_LIBERO/eval_results/smolvla_libero_4suites/eval_info.json
smolvla_libero_4suites,unknown,libero_10,0,9,/home/evoild/program/vla-portfolio/eval_results/smolvla_libero_4suites/videos/libero_10_0/eval_episode_9.mp4,True,/home/evoild/program/smolVLA_mujoco_LIBERO/eval_results/smolvla_libero_4suites/eval_info.json
smolvla_libero_4suites,unknown,libero_10,1,1,/home/evoild/program/vla-portfolio/eval_results/smolvla_libero_4suites/videos/libero_10_1/eval_episode_1.mp4,True,/home/evoild/program/smolVLA_mujoco_LIBERO/eval_results/smolvla_libero_4suites/eval_info.json
smolvla_libero_4suites,unknown,libero_10,1,3,/home/evoild/program/vla-portfolio/eval_results/smolvla_libero_4suites/videos/libero_10_1/eval_episode_3.mp4,True,/home/evoild/program/smolVLA_mujoco_LIBERO/eval_results/smolvla_libero_4suites/eval_info.json
smolvla_libero_4suites,unknown,libero_10,1,5,/home/evoild/program/vla-portfolio/eval_results/smolvla_libero_4suites/videos/libero_10_1/eval_episode_5.mp4,True,/home/evoild/program/smolVLA_mujoco_LIBERO/eval_results/smolvla_libero_4suites/eval_info.json
smolvla_libero_4suites,unknown,libero_10,1,9,/home/evoild/program/vla-portfolio/eval_results/smolvla_libero_4suites/videos/libero_10_1/eval_episode_9.mp4,True,/home/evoild/program/smolVLA_mujoco_LIBERO/eval_results/smolvla_libero_4suites/eval_info.json
smolvla_libero_4suites,unknown,libero_10,2,0,/home/evoild/program/vla-portfolio/eval_results/smolvla_libero_4suites/videos/libero_10_2/eval_episode_0.mp4,True,/home/evoild/program/smolVLA_mujoco_LIBERO/eval_results/smolvla_libero_4suites/eval_info.json
smolvla_libero_4suites,unknown,libero_10,2,1,/home/evoild/program/vla-portfolio/eval_results/smolvla_libero_4suites/videos/libero_10_2/eval_episode_1.mp4,True,/home/evoild/program/smolVLA_mujoco_LIBERO/eval_results/smolvla_libero_4suites/eval_info.json
smolvla_libero_4suites,unknown,libero_10,2,5,/home/evoild/program/vla-portfolio/eval_results/smolvla_libero_4suites/videos/libero_10_2/eval_episode_5.mp4,True,/home/evoild/program/smolVLA_mujoco_LIBERO/eval_results/smolvla_libero_4suites/eval_info.json
smolvla_libero_4suites,unknown,libero_10,2,6,/home/evoild/program/vla-portfolio/eval_results/smolvla_libero_4suites/videos/libero_10_2/eval_episode_6.mp4,True,/home/evoild/program/smolVLA_mujoco_LIBERO/eval_results/smolvla_libero_4suites/eval_info.json
smolvla_libero_4suites,unknown,libero_10,2,9,/home/evoild/program/vla-portfolio/eval_results/smolvla_libero_4suites/videos/libero_10_2/eval_episode_9.mp4,True,/home/evoild/program/smolVLA_mujoco_LIBERO/eval_results/smolvla_libero_4suites/eval_info.json
smolvla_libero_4suites,unknown,libero_10,4,0,/home/evoild/program/vla-portfolio/eval_results/smolvla_libero_4suites/videos/libero_10_4/eval_episode_0.mp4,True,/home/evoild/program/smolVLA_mujoco_LIBERO/eval_results/smolvla_libero_4suites/eval_info.json
smolvla_libero_4suites,unknown,libero_10,4,1,/home/evoild/program/vla-portfolio/eval_results/smolvla_libero_4suites/videos/libero_10_4/eval_episode_1.mp4,True,/home/evoild/program/smolVLA_mujoco_LIBERO/eval_results/smolvla_libero_4suites/eval_info.json
smolvla_libero_4suites,unknown,libero_10,4,2,/home/evoild/program/vla-portfolio/eval_results/smolvla_libero_4suites/videos/libero_10_4/eval_episode_2.mp4,True,/home/evoild/program/smolVLA_mujoco_LIBERO/eval_results/smolvla_libero_4suites/eval_info.json
smolvla_libero_4suites,unknown,libero_10,4,3,/home/evoild/program/vla-portfolio/eval_results/smolvla_libero_4suites/videos/libero_10_4/eval_episode_3.mp4,True,/home/evoild/program/smolVLA_mujoco_LIBERO/eval_results/smolvla_libero_4suites/eval_info.json
smolvla_libero_4suites,unknown,libero_10,4,4,/home/evoild/program/vla-portfolio/eval_results/smolvla_libero_4suites/videos/libero_10_4/eval_episode_4.mp4,True,/home/evoild/program/smolVLA_mujoco_LIBERO/eval_results/smolvla_libero_4suites/eval_info.json
smolvla_libero_4suites,unknown,libero_10,4,5,/home/evoild/program/vla-portfolio/eval_results/smolvla_libero_4suites/videos/libero_10_4/eval_episode_5.mp4,True,/home/evoild/program/smolVLA_mujoco_LIBERO/eval_results/smolvla_libero_4suites/eval_info.json
smolvla_libero_4suites,unknown,libero_10,4,6,/home/evoild/program/vla-portfolio/eval_results/smolvla_libero_4suites/videos/libero_10_4/eval_episode_6.mp4,True,/home/evoild/program/smolVLA_mujoco_LIBERO/eval_results/smolvla_libero_4suites/eval_info.json
smolvla_libero_4suites,unknown,libero_10,4,7,/home/evoild/program/vla-portfolio/eval_results/smolvla_libero_4suites/videos/libero_10_4/eval_episode_7.mp4,True,/home/evoild/program/smolVLA_mujoco_LIBERO/eval_results/smolvla_libero_4suites/eval_info.json
smolvla_libero_4suites,unknown,libero_10,4,8,/home/evoild/program/vla-portfolio/eval_results/smolvla_libero_4suites/videos/libero_10_4/eval_episode_8.mp4,True,/home/evoild/program/smolVLA_mujoco_LIBERO/eval_results/smolvla_libero_4suites/eval_info.json
smolvla_libero_4suites,unknown,libero_10,4,9,/home/evoild/program/vla-portfolio/eval_results/smolvla_libero_4suites/videos/libero_10_4/eval_episode_9.mp4,True,/home/evoild/program/smolVLA_mujoco_LIBERO/eval_results/smolvla_libero_4suites/eval_info.json
smolvla_libero_4suites,unknown,libero_10,5,3,/home/evoild/program/vla-portfolio/eval_results/smolvla_libero_4suites/videos/libero_10_5/eval_episode_3.mp4,True,/home/evoild/program/smolVLA_mujoco_LIBERO/eval_results/smolvla_libero_4suites/eval_info.json
smolvla_libero_4suites,unknown,libero_10,5,8,/home/evoild/program/vla-portfolio/eval_results/smolvla_libero_4suites/videos/libero_10_5/eval_episode_8.mp4,True,/home/evoild/program/smolVLA_mujoco_LIBERO/eval_results/smolvla_libero_4suites/eval_info.json
smolvla_libero_4suites,unknown,libero_10,6,0,/home/evoild/program/vla-portfolio/eval_results/smolvla_libero_4suites/videos/libero_10_6/eval_episode_0.mp4,True,/home/evoild/program/smolVLA_mujoco_LIBERO/eval_results/smolvla_libero_4suites/eval_info.json
smolvla_libero_4suites,unknown,libero_10,6,3,/home/evoild/program/vla-portfolio/eval_results/smolvla_libero_4suites/videos/libero_10_6/eval_episode_3.mp4,True,/home/evoild/program/smolVLA_mujoco_LIBERO/eval_results/smolvla_libero_4suites/eval_info.json
smolvla_libero_4suites,unknown,libero_10,6,8,/home/evoild/program/vla-portfolio/eval_results/smolvla_libero_4suites/videos/libero_10_6/eval_episode_8.mp4,True,/home/evoild/program/smolVLA_mujoco_LIBERO/eval_results/smolvla_libero_4suites/eval_info.json
smolvla_libero_4suites,unknown,libero_10,7,0,/home/evoild/program/vla-portfolio/eval_results/smolvla_libero_4suites/videos/libero_10_7/eval_episode_0.mp4,True,/home/evoild/program/smolVLA_mujoco_LIBERO/eval_results/smolvla_libero_4suites/eval_info.json
smolvla_libero_4suites,unknown,libero_10,7,1,/home/evoild/program/vla-portfolio/eval_results/smolvla_libero_4suites/videos/libero_10_7/eval_episode_1.mp4,True,/home/evoild/program/smolVLA_mujoco_LIBERO/eval_results/smolvla_libero_4suites/eval_info.json
smolvla_libero_4suites,unknown,libero_10,7,2,/home/evoild/program/vla-portfolio/eval_results/smolvla_libero_4suites/videos/libero_10_7/eval_episode_2.mp4,True,/home/evoild/program/smolVLA_mujoco_LIBERO/eval_results/smolvla_libero_4suites/eval_info.json
smolvla_libero_4suites,unknown,libero_10,7,3,/home/evoild/program/vla-portfolio/eval_results/smolvla_libero_4suites/videos/libero_10_7/eval_episode_3.mp4,True,/home/evoild/program/smolVLA_mujoco_LIBERO/eval_results/smolvla_libero_4suites/eval_info.json
smolvla_libero_4suites,unknown,libero_10,7,4,/home/evoild/program/vla-portfolio/eval_results/smolvla_libero_4suites/videos/libero_10_7/eval_episode_4.mp4,True,/home/evoild/program/smolVLA_mujoco_LIBERO/eval_results/smolvla_libero_4suites/eval_info.json
smolvla_libero_4suites,unknown,libero_10,7,5,/home/evoild/program/vla-portfolio/eval_results/smolvla_libero_4suites/videos/libero_10_7/eval_episode_5.mp4,True,/home/evoild/program/smolVLA_mujoco_LIBERO/eval_results/smolvla_libero_4suites/eval_info.json
smolvla_libero_4suites,unknown,libero_10,7,6,/home/evoild/program/vla-portfolio/eval_results/smolvla_libero_4suites/videos/libero_10_7/eval_episode_6.mp4,True,/home/evoild/program/smolVLA_mujoco_LIBERO/eval_results/smolvla_libero_4suites/eval_info.json
smolvla_libero_4suites,unknown,libero_10,7,7,/home/evoild/program/vla-portfolio/eval_results/smolvla_libero_4suites/videos/libero_10_7/eval_episode_7.mp4,True,/home/evoild/program/smolVLA_mujoco_LIBERO/eval_results/smolvla_libero_4suites/eval_info.json
smolvla_libero_4suites,unknown,libero_10,7,8,/home/evoild/program/vla-portfolio/eval_results/smolvla_libero_4suites/videos/libero_10_7/eval_episode_8.mp4,True,/home/evoild/program/smolVLA_mujoco_LIBERO/eval_results/smolvla_libero_4suites/eval_info.json
smolvla_libero_4suites,unknown,libero_10,7,9,/home/evoild/program/vla-portfolio/eval_results/smolvla_libero_4suites/videos/libero_10_7/eval_episode_9.mp4,True,/home/evoild/program/smolVLA_mujoco_LIBERO/eval_results/smolvla_libero_4suites/eval_info.json
smolvla_libero_4suites,unknown,libero_10,8,0,/home/evoild/program/vla-portfolio/eval_results/smolvla_libero_4suites/videos/libero_10_8/eval_episode_0.mp4,True,/home/evoild/program/smolVLA_mujoco_LIBERO/eval_results/smolvla_libero_4suites/eval_info.json
smolvla_libero_4suites,unknown,libero_10,8,1,/home/evoild/program/vla-portfolio/eval_results/smolvla_libero_4suites/videos/libero_10_8/eval_episode_1.mp4,True,/home/evoild/program/smolVLA_mujoco_LIBERO/eval_results/smolvla_libero_4suites/eval_info.json
smolvla_libero_4suites,unknown,libero_10,8,2,/home/evoild/program/vla-portfolio/eval_results/smolvla_libero_4suites/videos/libero_10_8/eval_episode_2.mp4,True,/home/evoild/program/smolVLA_mujoco_LIBERO/eval_results/smolvla_libero_4suites/eval_info.json
smolvla_libero_4suites,unknown,libero_10,8,3,/home/evoild/program/vla-portfolio/eval_results/smolvla_libero_4suites/videos/libero_10_8/eval_episode_3.mp4,True,/home/evoild/program/smolVLA_mujoco_LIBERO/eval_results/smolvla_libero_4suites/eval_info.json
smolvla_libero_4suites,unknown,libero_10,8,4,/home/evoild/program/vla-portfolio/eval_results/smolvla_libero_4suites/videos/libero_10_8/eval_episode_4.mp4,True,/home/evoild/program/smolVLA_mujoco_LIBERO/eval_results/smolvla_libero_4suites/eval_info.json
smolvla_libero_4suites,unknown,libero_10,8,5,/home/evoild/program/vla-portfolio/eval_results/smolvla_libero_4suites/videos/libero_10_8/eval_episode_5.mp4,True,/home/evoild/program/smolVLA_mujoco_LIBERO/eval_results/smolvla_libero_4suites/eval_info.json
smolvla_libero_4suites,unknown,libero_10,8,6,/home/evoild/program/vla-portfolio/eval_results/smolvla_libero_4suites/videos/libero_10_8/eval_episode_6.mp4,True,/home/evoild/program/smolVLA_mujoco_LIBERO/eval_results/smolvla_libero_4suites/eval_info.json
smolvla_libero_4suites,unknown,libero_10,8,8,/home/evoild/program/vla-portfolio/eval_results/smolvla_libero_4suites/videos/libero_10_8/eval_episode_8.mp4,True,/home/evoild/program/smolVLA_mujoco_LIBERO/eval_results/smolvla_libero_4suites/eval_info.json
smolvla_libero_4suites,unknown,libero_10,8,9,/home/evoild/program/vla-portfolio/eval_results/smolvla_libero_4suites/videos/libero_10_8/eval_episode_9.mp4,True,/home/evoild/program/smolVLA_mujoco_LIBERO/eval_results/smolvla_libero_4suites/eval_info.json
smolvla_libero_4suites,unknown,libero_10,9,0,/home/evoild/program/vla-portfolio/eval_results/smolvla_libero_4suites/videos/libero_10_9/eval_episode_0.mp4,True,/home/evoild/program/smolVLA_mujoco_LIBERO/eval_results/smolvla_libero_4suites/eval_info.json
smolvla_libero_4suites,unknown,libero_10,9,1,/home/evoild/program/vla-portfolio/eval_results/smolvla_libero_4suites/videos/libero_10_9/eval_episode_1.mp4,True,/home/evoild/program/smolVLA_mujoco_LIBERO/eval_results/smolvla_libero_4suites/eval_info.json
smolvla_libero_4suites,unknown,libero_10,9,2,/home/evoild/program/vla-portfolio/eval_results/smolvla_libero_4suites/videos/libero_10_9/eval_episode_2.mp4,True,/home/evoild/program/smolVLA_mujoco_LIBERO/eval_results/smolvla_libero_4suites/eval_info.json
smolvla_libero_4suites,unknown,libero_10,9,6,/home/evoild/program/vla-portfolio/eval_results/smolvla_libero_4suites/videos/libero_10_9/eval_episode_6.mp4,True,/home/evoild/program/smolVLA_mujoco_LIBERO/eval_results/smolvla_libero_4suites/eval_info.json
smolvla_libero_4suites,unknown,libero_10,9,7,/home/evoild/program/vla-portfolio/eval_results/smolvla_libero_4suites/videos/libero_10_9/eval_episode_7.mp4,True,/home/evoild/program/smolVLA_mujoco_LIBERO/eval_results/smolvla_libero_4suites/eval_info.json
smolvla_libero_4suites,unknown,libero_10,9,9,/home/evoild/program/vla-portfolio/eval_results/smolvla_libero_4suites/videos/libero_10_9/eval_episode_9.mp4,True,/home/evoild/program/smolVLA_mujoco_LIBERO/eval_results/smolvla_libero_4suites/eval_info.json
